"image_url","claim_text","language","label","true_context","caption_origin","fact_checker","verdict_original","source_url","published","id","notes"
"https://bangla.boomlive.in/h-upload/2024/10/15/1034549-durga-03.jpg","বাংলাদেশে দূর্গা পূজার মূর্তি ভাঙচুর!! ১০/১০/২০২৪ গণপাড়া বিশ্বাস বাড়ী সার্বজনীন দুর্গা মন্দির, কাশিপুর, বরিশাল।","bn","out_of_context","ছবিটি ২০২১ সালের ১৪ অক্টোবর চাঁদপুরের হাজীগঞ্জে মন্দিরে হামলার পরের। বরিশালের ওই মন্দিরে কোনও প্রতিমা ভাঙচুর হয়নি; বন্যার জলের কারণে ব্যানারে পুজো হয়েছিল।","viral_post_verbatim","BOOM Bangla","Misleading","https://bangla.boomlive.in/fact-check/fact-check-durga-idol-vandalisation-old-image-bangladesh-viral-recent-misleading-claim-fake-news-26725","2024-10-15","bn_ooc_001",""
"https://bangla.boomlive.in/h-upload/2025/02/17/1040102-poonam-a99.jpg","ভারতের ইতিহাসে রাষ্ট্রপতি ভবনে প্রথমবার বিয়ের আসর বসছে!","bn","out_of_context","বিয়েটি সত্যিই রাষ্ট্রপতি ভবনে হয়েছিল, কিন্তু এটি প্রথম নয়। প্রণব মুখোপাধ্যায় ও রামনাথ কোবিন্দের আমলেও সেখানে বিয়ে হয়েছে; PIB দাবিটি খণ্ডন করেছে।","viral_post_verbatim","BOOM Bangla","False","https://bangla.boomlive.in/fact-check/crpf-officers-wedding-ceremony-at-rashtrapati-bhavan-droupadi-murmu-not-historic-first-media-misreporting-fact-check-27791","2025-02-17","bn_ooc_002","Hard case: image is correctly attributed; only the 'first in history' framing is false. Pairs with bn_sup_002."
"https://www.altnews.in/hindi/wp-content/uploads/sites/2/2026/08/kharge-FI.png","खड़गे जी, गांधी परिवार के लंबे समय से कुली रहे हैं.","hi","out_of_context","तस्वीर में सूटकेस पकड़े व्यक्ति मल्लिकार्जुन खड़गे नहीं, राजीव गांधी के करीबी सहयोगी सिद्धार्थ रेड्डी हैं. मूल तस्वीर राहुल गांधी ने 21 मई 2024 को पोस्ट की थी.","factcheck_claim_field","Alt News Hindi","ग़लत / False","https://www.altnews.in/hindi/old-photo-viral-with-false-claim-that-mallikarjun-kharge-carrying-suitcase-of-rajiv-gandhi/","2026-08-24","hi_ooc_001","og:image is Alt News' own composite feature card, not the raw viral image. Needs re-scrape of in-article image for the real collection."
"https://www.altnews.in/hindi/wp-content/uploads/sites/2/2026/08/WhatsApp-Image-2026-08-19-at-8.54.00-PM-1024x536-1.jpeg","बार में डांस करती सोनिया गांधी की तस्वीर.","hi","out_of_context","Getty Images की 21 नवंबर 1967 की तस्वीर, ऑस्ट्रेलिया के ऑबर्न स्थित रॉसन होटल में गो-गो डांसर्स. सोनिया गांधी उसमें नहीं हैं; उस समय वे कैम्ब्रिज में पढ़ रही थीं.","factcheck_claim_field","Alt News Hindi","ग़लत / False","https://www.altnews.in/hindi/1967-photo-of-australian-go-go-dancers-falsely-shared-to-attack-sonia-gandhi/","2026-08-26","hi_ooc_002","Original circulated caption was in Marathi on a Hindi-language fact-check. language=hi records article language, not caption language. See schema note."
"https://marathi.factcrescendo.com/wp-content/uploads/2019/10/Post-No-10-datta-sir.png","हे छायाचित्र 'आरे'त करण्यात आलेल्या वृक्षतोडीचे आहे.","mr","out_of_context","छायाचित्र आरे कॉलनीतील नाही आणि ऑगस्ट 2012 पूर्वीचे आहे. ते 'राष्ट्रबोध'च्या जून 2016 अंकाच्या मुखपृष्ठावर आणि 2012-2014 च्या ब्लॉगवर आढळते; मूळ ठिकाण अनिश्चित.","factcheck_paraphrase","Fact Crescendo Marathi","False","https://marathi.factcrescendo.com/fake-images-of-aarey-colony-being-circulated/","2019-10-07","mr_ooc_001","In-article viral screenshots are on expired googleusercontent CDN links; only og:image survives. Link-rot risk for pre-2020 articles."
"https://marathi.factcrescendo.com/wp-content/uploads/2022/01/image-21-565x1024.png","1884 साली ईडन गार्डन मैदानावर नरेंद्रनाथ दत्ता कलकत्ता टाऊन क्लबसाठी गोलंदाजी करताना.","mr","out_of_context","मूळ छायाचित्र यॉर्कशायरचे क्रिकेटपटू हेडली व्हेरिटी यांचे, 1940 सालचे. त्यावर स्वामी विवेकानंदांचा चेहरा जोडण्यात आला आहे.","viral_post_verbatim","Fact Crescendo Marathi","Altered","https://marathi.factcrescendo.com/edited-image-viral-as-swami-vivekananda-playing-cricket-in-kolkata/","2022-01-14","mr_ooc_002","RELABEL CANDIDATE: this is a face-composite (manipulated), not pure out-of-context. Argues for a third class in the O1 taxonomy."
"https://bangla.boomlive.in/h-upload/2024/10/15/1034549-durga-03.jpg","২০২১ সালের অক্টোবরে চাঁদপুরের হাজীগঞ্জে মন্দিরে হামলার পর ভাঙা দুর্গা প্রতিমা।","bn","supported","একই ছবি, তার যাচাইকৃত প্রকৃত প্রেক্ষাপটসহ।","derived_from_verified_context","BOOM Bangla","n/a","https://bangla.boomlive.in/fact-check/fact-check-durga-idol-vandalisation-old-image-bangladesh-viral-recent-misleading-claim-fake-news-26725","2024-10-15","bn_sup_001","Positive pair for bn_ooc_001 (same image, correct caption)."
"https://bangla.boomlive.in/h-upload/2025/02/17/1040102-poonam-a99.jpg","রাষ্ট্রপতি ভবনে সিআরপিএফ অফিসার পুনম গুপ্তা ও অবনীশ কুমারের বিবাহ অনুষ্ঠান, ফেব্রুয়ারি ২০২৫।","bn","supported","ঘটনাটি সত্য; কেবল 'ইতিহাসে প্রথম' দাবিটিই ভুয়ো ছিল।","derived_from_verified_context","BOOM Bangla","n/a","https://bangla.boomlive.in/fact-check/crpf-officers-wedding-ceremony-at-rashtrapati-bhavan-droupadi-murmu-not-historic-first-media-misreporting-fact-check-27791","2025-02-17","bn_sup_002","Minimal pair with bn_ooc_002 — differs only by the false superlative. Useful adversarial probe."
"https://www.altnews.in/hindi/wp-content/uploads/sites/2/2026/08/WhatsApp-Image-2026-08-19-at-8.54.00-PM-1024x536-1.jpeg","ऑस्ट्रेलिया के ऑबर्न स्थित रॉसन होटल में गो-गो डांसर्स, नवंबर 1967.","hi","supported","Getty Images के आर्काइव में दर्ज मूल कैप्शन के अनुरूप.","derived_from_original_caption","Alt News Hindi","n/a","https://www.altnews.in/hindi/1967-photo-of-australian-go-go-dancers-falsely-shared-to-attack-sonia-gandhi/","2026-08-26","hi_sup_001","Positive pair for hi_ooc_002."
"https://www.altnews.in/hindi/wp-content/uploads/sites/2/2026/08/kharge-FI.png","राजीव और राहुल गांधी के साथ हवाई अड्डे पर सहयोगी सिद्धार्थ रेड्डी.","hi","supported","ऑल्ट न्यूज़ और बूमलाइव दोनों ने सूटकेस पकड़े व्यक्ति की पहचान सिद्धार्थ रेड्डी के रूप में की.","derived_from_verified_context","Alt News Hindi","n/a","https://www.altnews.in/hindi/old-photo-viral-with-false-claim-that-mallikarjun-kharge-carrying-suitcase-of-rajiv-gandhi/","2026-08-24","hi_sup_002","Positive pair for hi_ooc_001."
